Variable,Num Unique Values,Non Missing,Missing_N,Missing_P,Above 0,Positive Above 0,Negative Above 0,Precision,Above0_Diff,Positive Zero or below,Negative Zero or below,Above0_P,Positive Above0_P,Negative Above0_P,Mean,Positive Mean,Negative Mean,Percentage Mean Difference,Correlation,Abs_Correlation,p-value,p-value corrected,Diagnostic Odds,Positive Min,Positive P10,Positive P25,Positive P50,Positive P75,Positive P90,Positive Max,Negative Min,Negative P10,Negative P25,Negative P50,Negative P75,Negative P90,Negative Max
ABDOMINAL_PAIN_DX_ave_claims_count,3391,2412402,0,0,747792,5086,742706,0.00680135652694867,0.11435344109315115,6916,1657694,0.3099781877149828,0.4237627062156307,0.30940926512247957,1.9200029560906424,0.3469986106208639,1.9278679778179888,0.8233681943990158,-0.00235,0.00235,2.6e-4,3.6256880733944954e-4,1.6413787417790986,0,0,0,0,0.348074874775,0.9707446809,6.230802355109967,0,0,0,0,6.230802355109967,6.230802355109967,6.230802355109967
ABN_BOWEL_MVMTS_DX_ave_claims_count,135,2412402,0,0,22900,140,22760,0.00611353711790393,0.002182969505082486,11862,2377640,0.009492613585961212,0.011664722546242293,0.009481753041159807,0.013035159759931886,0.003715474200007664,0.013081758187731557,0.7185400225407621,0.0015,0.0015,0.01942,0.024598666666666665,1.2329457181725756,0,0,0,0,0,0,1.3796771684459919,0,0,0,0,0,0,1.3796771684459919
ABN_LIVER_FUNCTION_TESTS_DX_ave_claims_count,1014,2412402,0,0,160533,1292,159241,0.008048189468831953,0.04130936510581569,10710,2241159,0.06654487933603107,0.10764872521246459,0.0663393601066489,0.14022706346364058,0.04169534562870279,0.14071972205281527,0.7061716474565444,0.00967,0.00967,0,0,1.6978167563330935,0,0,0,0,0,0.1594582787,2.1212101206069924,0,0,0,0,0,0,2.1212101206069924
ALCOHOL_ABUSE_DX_ave_claims_count,1433,2412402,0,0,75342,1644,73698,0.021820498526718166,0.10627478753541075,10358,2326702,0.03123111322242313,0.13697717047158806,0.030702382936177303,0.38516819546257547,0.18192569102945924,0.38618440798474135,0.5303104445318324,0.0413,0.0413,0,0,5.010844982548323,0,0,0,0,0,0.23321194393999994,12.578320346909994,0,0,0,0,0,0,12.578320346909994
ALCOHOL_OPIOID_ABUSE_NDC_PROC_ave_claims_count,712,2412402,0,0,30771,757,30014,0.02460108543758734,0.05056907182136311,11245,2370386,0.012755336797100982,0.06307282119646726,0.012503749375104149,0.19799851012465972,0.1524164736892084,0.19822642030683688,0.23136510769089402,0.03122,0.03122,0,0,5.316570962600735,0,0,0,0,0,0,15.853358409559899,0,0,0,0,0,0,15.853358409559899
ALCOHOLIC_LIVER_DIS_DX_ave_claims_count,360,2412402,0,0,9048,370,8678,0.04089301503094606,0.02721296450591568,11632,2391722,0.0037506186779815306,0.030828195300783203,0.003615230794867522,0.03618444922831167,0.04035946845688219,0.03616357413216881,0.11595849637612837,0.0312,0.0312,0,0,8.766745177373066,0,0,0,0,0,0,10.003116311000001,0,0,0,0,0,0,10.003116311000001
ALOPECIA_AREATA_DX_ave_claims_count,15,2412402,0,0,5565,14,5551,0.0025157232704402514,0.0011460589901683051,11988,2394849,0.002306829458771797,0.0011664722546242292,0.0023125312447925344,0.0014644981406064684,3.518890284483419e-4,0.001470061186167259,0.7635190012981969,-0.00168,0.00168,0.00889,0.011451525423728813,0.5038348562938727,0,0,0,0,0,0,0.6356935455369999,0,0,0,0,0,0,0.6356935455369999
ANALGESICS_NDC_ave_claims_count,664,2412402,0,0,124534,765,123769,0.006142900733936114,0.012177553741043158,11237,2276631,0.051622407873977885,0.06373937677053824,0.05156182302949509,0.6759793124769292,0.07290119169252458,0.6789947030808516,0.8966154735822816,0.00284,0.00284,1e-5,1.4205607476635515e-5,1.2522522405796002,0,0,0,0,0,0,13.16855501196,0,0,0,0,0,0,13.16855501196
ANTIPHOSPHOLIPID_SYNDROME_DX_ave_claims_count,34,2412402,0,0,9714,33,9681,0.0033971587399629403,0.001283536077320446,11969,2390719,0.004026692068734813,0.0027495417430428264,0.0040330778203632725,0.018108387180920567,0.002344917326720213,0.018187204530191556,0.8748590940314751,-0.00144,0.00144,0.02552,0.031536910569105694,0.6808702928800963,0,0,0,0,0,0,4.509509942596,0,0,0,0,0,0,4.509509942596
ANXIETY_DX_ave_claims_count,2124,2412402,0,0,443203,2833,440370,0.006392104746583394,0.05258706882186304,9169,1960030,0.18371855105409463,0.2360439926678887,0.18345692384602566,1.0183749278136616,0.1704831104877807,1.0226143869002908,0.8367559463015668,0.00177,0.00177,0.00606,0.007940689655172414,1.3752118161634832,0,0,0,0,0,0.47246134717999994,5.574138961135996,0,0,0,0,0,5.574138961135996,5.574138961135996
ANXIETY_NDC_PROC_ave_claims_count,6479,2412402,0,0,1332108,7567,1324541,0.005680470352253721,0.07867813697717041,4435,1075859,0.5521915501645248,0.6304782536243959,0.5518001166472255,16.16127586528229,3.230433950123028,16.225930074858088,0.8041132539945086,-0.03753,0.03753,0,0,1.3858622372212688,0,0,0,0.50000010425,4.1569602239,10.757116768099998,29.40544879448,0,0,0,29.40544879448,29.40544879448,29.40544879448,29.40544879448
ASCITES_DX_ave_claims_count,487,2412402,0,0,19852,521,19331,0.026244207132782593,0.03535619063489418,11481,2381069,0.008229142572423668,0.0434094317613731,0.00805324112647892,0.06725173766606035,0.039678330315672375,0.06738960470281226,0.4120529126658509,0.02727,0.02727,0,0,5.5895348253716195,0,0,0,0,0,0,8.368010300999973,0,0,0,0,0,0,8.368010300999973
ASCITES_NDC_ave_claims_count,681,2412402,0,0,86865,708,86157,0.008150578483854257,0.023097400433261125,11294,2314243,0.036007680311987804,0.058990168305282455,0.03589276787202133,0.4014168685767697,0.12609515655713047,0.40279347713686875,0.6893041679109722,0.00793,0.00793,0,0,1.683851796915716,0,0,0,0,0,0,11.222134736809991,0,0,0,0,0,0,11.222134736809991
AUTOIMMUNE_HEMOLYTIC_ANEMIA_DX_ave_claims_count,4,2412402,0,0,715,3,712,0.004195804195804196,4.665889018496918e-5,11999,2399688,2.9638509667957497e-4,2.4995834027662057e-4,2.9661723046158975e-4,3.0962995531621336e-4,1.4921994551641394e-4,3.1043200536521226e-4,0.5206604111806901,-1.9e-4,1.9e-4,0.76682,0.79290231292517,0.8426573000933598,0,0,0,0,0,0,1.0465744180880001,0,0,0,0,0,0,1.0465744180880001
BRUISING_DX_ave_claims_count,51,2412402,0,0,7163,50,7113,0.006980315510261063,0.0012027162139643392,11952,2393287,0.002969239786735378,0.004165972337943676,0.002963256123979337,0.0032496476054477523,0.001164263289725879,0.003260074527026349,0.6449349258015007,0.00154,0.00154,0.01679,0.021446050420168065,1.4075745081643412,0,0,0,0,0,0,1.1001663003899995,0,0,0,0,0,0,1.1001663003899995
CANCER_NDC_PROC_ave_claims_count,162,2412402,0,0,35122,162,34960,0.004612493593758898,0.0010664889185135803,11840,2365440,0.01455893337843361,0.013497750374937511,0.014564239293451091,0.08940451199559037,0.02022519534733511,0.08975040857883167,0.7776477012136223,-7.4e-4,7.4e-4,0.25008,0.2734687769784173,0.9257715381285176,0,0,0,0,0,0,6.162382172557995,0,0,0,0,0,0,6.162382172557995
CHEMISTRY_PROC_ave_claims_count,1575,2412402,0,0,342580,2009,340571,0.005864323661626481,0.025507832027995336,9993,2059829,0.14200784114753678,0.1673887685385769,0.14188093651058156,0.9750977009132532,0.1158525440533501,0.9793939266975527,0.8855947274159608,4e-4,4e-4,0.52985,0.5592861111111112,1.2159271422579614,0,0,0,0,0,0.2844010583799997,6.9029282635480005,0,0,0,0,0,6.9029282635480005,6.9029282635480005
CHOLANGITIS_DX_ave_claims_count,18,2412402,0,0,1981,17,1964,0.008581524482584554,5.98233627728712e-4,11985,2398436,8.211732538772559e-4,0.00141643059490085,8.181969671721379e-4,0.0028610187530280955,0.0010438072906608898,0.002870104810339928,0.638338185566274,0.00147,0.00147,0.02272,0.02830688524590164,1.7321980037844318,0,0,0,0,0,0,3.5078409301119997,0,0,0,0,0,0,3.5078409301119997
CHR_LUNG_DISEASE_DX_ave_claims_count,2826,2412402,0,0,561649,3529,558120,0.00628328368785487,0.0615230794867522,8473,1842280,0.23281733309788336,0.29403432761206466,0.23251124812531246,4.269034251337427,0.5066904128563339,4.287845970529834,0.8857168471976815,-0.00102,0.00102,0.11211,0.13108246153846154,1.3748094344716753,0,0,0,0,0.183026208925,1.1288529359299995,18.441456080519977,0,0,0,0,0,18.441456080519977,18.441456080519977
CHR_LUNG_DISEASE_NDC_ave_claims_count,3933,2412402,0,0,888886,4883,884003,0.005493392853526774,0.03857565405765706,7119,1516397,0.3684651231428261,0.4068488585235794,0.3682732044659223,10.240292210610296,1.284330088274851,10.285072021221977,0.878953622399678,-0.016,0.016,0,0,1.176594757650288,0,0,0,0,0.5261893321,3.533628979749998,27.927831556840005,0,0,0,0,27.927831556840005,27.927831556840005,27.927831556840005
CHRONIC_FATIGUE_SYNDROME_DX_ave_claims_count,127,2412402,0,0,26700,132,26568,0.004943820224719101,6.998833527745336e-5,11870,2373832,0.011067807106775737,0.010998166972171305,0.011068155307448759,0.02820104862476281,0.00402313909243626,0.028321938172424434,0.8616275019877045,-1.3e-4,1.3e-4,0.84279,0.8655681081081081,0.9936062842796357,0,0,0,0,0,0,2.558867072759998,0,0,0,0,0,0,2.558867072759998
CKD_ESRD_DX_ave_claims_count,1099,2412402,0,0,174330,1168,173162,0.006699936901279183,0.02517830361606399,10834,2227238,0.07226407539042,0.09731711381436427,0.07213881019830028,2.3610164684555657,0.3124981874855857,2.3712590598604173,0.871980733671692,0.00495,0.00495,0,0,1.386653799600642,0,0,0,0,0,0,32.870781391349986,0,0,0,0,0,0,32.870781391349986
CKD_ESRD_NDC_ave_claims_count,312,2412402,0,0,29993,321,29672,0.010702497249358183,0.014384269288451925,11681,2370728,0.012432836649944743,0.0267455424095984,0.012361273121146476,0.15247448422809365,0.07363573380622397,0.15286867798020287,0.5196472352413448,0.00893,0.00893,0,0,2.195633847741211,0,0,0,0,0,0,12.366742202200006,0,0,0,0,0,0,12.366742202200006
CLAIM_COUNT_OF_COMORBIDITIES,202,2412402,0,0,2016837,10465,2006372,0.005188817936204066,0.0360889851691385,1537,394028,0.8360285723523692,0.8719380103316114,0.835849025162473,15.98269815727233,20.164472587902015,15.961789285119142,0.26295205361621615,0.00749,0.00749,0,0,1.3371526553226405,0,0,2,7,23,55,201,0,0,1,6,19,42,201
CLAIM_COUNT_OF_DIAGNOSTIC,21,2412402,0,0,671389,4617,666772,0.006876788270287419,0.10691051491418097,7385,1733628,0.27830726388056387,0.38468588568571904,0.2777753707715381,0.7245428912760002,0.9118880186635566,0.7236061656390597,0.25986294985644226,0.01525,0.01525,0,0,1.625503592097987,0,0,0,0,1,2,19.840000000000146,0,0,0,0,1,2,19.840000000000146
CLAIM_COUNT_OF_MISDIAGNOSIS,51,2412402,0,0,793469,5063,788406,0.006380841595575883,0.09339860023329444,6939,1611994,0.3289124283597841,0.42184635894017664,0.3284477587068822,1.7669849386627938,2.504499250124979,1.7632973671054848,0.41947266600948824,0.01468,0.01468,0,0,1.4918478754751128,0,0,0,0,2,7,50,0,0,0,0,1,5,50
CLAIM_COUNT_OF_PREVENTATIVE_PROC,8,2412402,0,0,634291,2573,631718,0.004056497727383803,0.04879103482752875,9429,1768682,0.2629292298713067,0.21438093651058157,0.2631719713381103,0.509308979183404,0.40318280286618896,0.5098396100649896,0.20941473949626382,-0.00804,0.00804,0,0,0.7640128353210128,0,0,0,0,0,1,7,0,0,0,0,1,2,7
CLAIM_COUNT_OF_PROCEDURES_FOR_RISK_FACTOR,43,2412245,157,6.50803638862843e-5,8771,137,8634,0.01561965568350245,0.007819533873972589,11863,2391611,0.0036357953608063664,0.011416666666666667,0.003597132792694079,0.021220066784261183,0.057916666666666665,0.021036602513493444,1.737980588285753,0.00914,0.00914,0,0,3.198928511126692,0,0,0,0,0,0,41,0,0,0,0,0,0,41
CLAIM_COUNT_OF_RISKFACTORS,172,2412402,0,0,166331,3853,162478,0.023164653612375324,0.2533419430094984,8149,2237922,0.06894829302910543,0.32102982836193966,0.06768788535244126,0.43680396550823614,3.763302782869522,0.4201714714214298,7.6536194161109465,0.07196,0.07196,0,0,6.51246005215419,0,0,0,0,1,8,170.44000000000005,0,0,0,0,0,0,170.44000000000005
CLAIM_COUNT_OF_SYMPTOMS,84,2412402,0,0,2005016,10572,1994444,0.005272775878097731,0.04997333777703716,1430,405956,0.8311284769288038,0.8808531911348109,0.8308798533577737,7.650786792582653,9.941904682552899,7.639331203132795,0.3009590440622945,0.01445,0.01445,0,0,1.5047981025554724,0,0,2,5,12,25,82.28999999999905,0,0,1,4,9,19,82.28999999999905
CLAIM_COUNT_OF_TX_FOR_MISDIAGNOSIS_COMORBIDITIES_SYMPTOMS_RISK_FACTORS,579,2411645,757,3.1379513033068284e-4,2267756,11245,2256511,0.004958646344668474,0.059943759373437766,0,143889,0.9400406731548059,1,0.9400562406265622,89.3239630210916,83.65302623388172,89.35052929511731,0.06378470981958416,-0.00616,0.00616,0,0,Inf,1,3,11,42,111,221,576.5599999999995,0,3,16,52,121,225,576.5599999999995
CLAIM_COUNT_OF_TX_PROC_FOR_MISDIAGNOSIS_COMORBIDITIES_SYMPTOMS_RISK_FACTORS,403,2411871,531,2.2011256830329273e-4,2280975,11471,2269504,0.005028989796030206,0.05453091151474754,0,130896,0.9455202739841867,1,0.9454690884852525,63.388914747098966,64.05784151338156,63.38571808865178,0.010603169772054555,0.00641,0.00641,0,0,Inf,1,4,11,34,86,167,400.2999999999993,0,2,9,29,81,172,400.2999999999993
CMV_DX_ave_claims_count,2,2411416,986,4.08721266190295e-4,0,0,0,NaN,0,11992,2399424,0,0,0,0,0,0,NaN,NA,NA,NA,NA,NaN,0,0,0,0,0,0,0,0,0,0,0,0,0,0
COLITIS_DX_ave_claims_count,627,2412402,0,0,119090,771,118319,0.006474095222100932,0.014947925345775707,11231,2282081,0.04936573589310571,0.06423929345109149,0.04929136810531578,0.14219763606183225,0.02497073417084319,0.14278377057128713,0.8285161389688287,0.00384,0.00384,0,0,1.324074786063388,0,0,0,0,0,0,2.8967297127199974,0,0,0,0,0,0,2.8967297127199974
COLON_CA_SCREENING_PROC_ave_claims_count,828,2412402,0,0,299114,1117,297997,0.0037343621495483327,0.031076903849358434,10885,2102403,0.12399011441708306,0.09306782202966173,0.12414472587902016,0.12488535074203275,0.025325435147981336,0.1253831503200028,0.80119657411784,-0.00907,0.00907,0,0,0.7239837448521265,0,0,0,0,0,0,1.0099756508559987,0,0,0,0,0,1.0099756508559987,1.0099756508559987
CONFUSION_DX_ave_claims_count,865,2412402,0,0,63942,991,62951,0.015498420443526947,0.05634435927345442,11011,2337449,0.026505532659979555,0.08256957173804366,0.026225212464589236,0.07490984536335929,0.04197239759830862,0.07507453260218457,0.4418929827355807,0.02374,0.02374,0,0,3.341845766243674,0,0,0,0,0,0,2.8626853911500065,0,0,0,0,0,0,2.8626853911500065
CONVULSIONS_DX_ave_claims_count,726,2412402,0,0,73534,803,72731,0.01092011858460032,0.03660598233627729,11199,2327669,0.030481652726204008,0.06690551574737544,0.03029953341109815,0.18983213206850075,0.057233694035737546,0.1904951242586647,0.7019961729916191,0.01416,0.01416,0,0,2.2947636636765503,0,0,0,0,0,0,6.287064611658006,0,0,0,0,0,0,6.287064611658006
COUNT_OF_COMORBIDITIES,10,2412402,0,0,2016837,10465,2006372,0.005188817936204066,0.0360889851691385,1537,394028,0.8360285723523692,0.8719380103316114,0.835849025162473,2.370740863255794,2.725295784035994,2.368968088651889,0.15030225399445454,0.0111,0.0111,0,0,1.3371526553226405,0,0,1,2,4,6,9,0,0,1,2,4,5,9
COUNT_OF_DIAGNOSTIC,4,2412402,0,0,671389,4617,666772,0.006876788270287419,0.10691051491418097,7385,1733628,0.27830726388056387,0.38468588568571904,0.2777753707715381,0.33145263517440243,0.5058323612731211,0.3305807365439096,0.528738064299891,0.01846,0.01846,0,0,1.625503592097987,0,0,0,0,1,2,3,0,0,0,0,1,1,3
COUNT_OF_MISDIAGNOSIS,4,2412402,0,0,793469,5063,788406,0.006380841595575883,0.09339860023329444,6939,1611994,0.3289124283597841,0.42184635894017664,0.3284477587068822,0.3651186659603165,0.5303282786202299,0.3642926178970167,0.4547443782051368,0.0163,0.0163,0,0,1.4918478754751128,0,0,0,0,1,1,3,0,0,0,0,1,1,3
COUNT_OF_PREVENTATIVE_PROC,3,2412402,0,0,634291,2573,631718,0.004056497727383803,0.04879103482752875,9429,1768682,0.2629292298713067,0.21438093651058157,0.2631719713381103,0.27125993097336215,0.22771204799200134,0.2714776703882688,0.16134200963342896,-0.00751,0.00751,0,0,0.7640128353210128,0,0,0,0,0,1,2,0,0,0,0,1,1,2
COUNT_OF_PROCEDURES_FOR_RISK_FACTOR,2,2412402,0,0,8928,139,8789,0.015568996415770609,0.007919930011664723,11863,2391611,0.0037008757246926507,0.01158140309948342,0.003661473087818697,0.0037008757246926463,0.01158140309948342,0.0036614730878186987,2.1400151209677443,0.00918,0.00918,0,0,3.1883893340003078,0,0,0,0,0,0,1,0,0,0,0,0,0,1
COUNT_OF_RISKFACTORS,3,2412402,0,0,166331,3853,162478,0.023164653612375324,0.2533419430094984,8149,2237922,0.06894829302910543,0.32102982836193966,0.06768788535244126,0.07249911084470997,0.35352441259790035,0.07109398433594402,3.8956398909072183,0.07065,0.07065,0,0,6.51246005215419,0,0,0,0,1,1,2,0,0,0,0,0,0,2
COUNT_OF_SYMPTOMS,13,2412402,0,0,2005016,10572,1994444,0.005272775878097731,0.04997333777703716,1430,405956,0.8311284769288038,0.8808531911348109,0.8308798533577737,2.5630976926731126,3.256790534910848,2.559629228461919,0.27199950608275253,0.01829,0.01829,0,0,1.5047981025554724,0,0,1,3,5,7,12,0,0,1,2,4,6,12
COUNT_OF_TX_FOR_MISDIAGNOSIS_COMORBIDITIES_SYMPTOMS_RISK_FACTORS,14,2411645,757,3.1379513033068284e-4,2267756,11245,2256511,0.004958646344668474,0.059943759373437766,0,143889,0.9400406731548059,1,0.9400562406265622,4.007611816830418,4.718363717207648,4.004282202966173,0.17818130769118143,0.01755,0.01755,0,0,Inf,1,2,3,4,6,8,12,0,1,2,4,6,7,12
COUNT_OF_TX_PROC_FOR_MISDIAGNOSIS_COMORBIDITIES_SYMPTOMS_RISK_FACTORS,13,2411871,531,2.2011256830329273e-4,2280975,11471,2269504,0.005028989796030206,0.05453091151474754,0,130896,0.9455202739841867,1,0.9454690884852525,4.3045490409727565,5.130503007584343,4.300601983002834,0.19279627591232298,0.02215,0.02215,0,0,Inf,1,2,3,5,7,8,11,0,1,3,4,6,7,11
CRYOGLOBULINEMIA_DX_ave_claims_count,15,2412402,0,0,622,15,607,0.024115755627009645,9.969171804699215e-4,11987,2399793,2.578343078806932e-4,0.0012497917013831027,2.528745209131811e-4,3.121208786924009e-4,5.465533162337943e-4,3.109487165046932e-4,0.7548504948343826,0.00437,0.00437,0,0,4.947272642562116,0,0,0,0,0,0,1.2296561764379998,0,0,0,0,0,0,1.2296561764379998
CT_ABDOMEN_PROC_ave_claims_count,459,2412402,0,0,68733,572,68161,0.008322057817933161,0.019263039493417768,11430,2332239,0.02849152007003808,0.04765872354607566,0.02839568405265789,0.030275587828555956,0.011642154213871022,0.030368754996629495,0.6185379748463721,0.00758,0.00758,0,0,1.712327763727235,0,0,0,0,0,0,1.0694848886299986,0,0,0,0,0,0,1.0694848886299986
CYTOMEGALOVIRUS_NDC_PROC_ave_claims_count,35,2412402,0,0,3291,34,3257,0.010331206320267397,0.0014760039993334446,11968,2397143,0.0013642004939475262,0.0028328611898017,0.0013568571904682553,0.012904547672327269,0.003659349887013999,0.012950773661253875,0.7200115812012973,0.00281,0.00281,1e-5,1.4205607476635515e-5,2.0909012406844,0,0,0,0,0,0,9.544684401742012,0,0,0,0,0,0,9.544684401742012
DARK_URINE_DX_ave_claims_count,121,2412402,0,0,29646,126,29520,0.004250151791135397,0.0017997000499916684,11876,2370880,0.012288996610017734,0.010498250291618064,0.012297950341609732,0.018565917694768508,0.003539273725287452,0.01864105091461591,0.8134139899577292,-0.00123,0.00123,0.05598,0.06753142857142858,0.8521059073844359,0,0,0,0,0,0,1.51578518345,0,0,0,0,0,0,1.51578518345
DEPRESSION_DX_ave_claims_count,2958,2412402,0,0,614756,3870,610886,0.006295180526908237,0.0679528411931345,8132,1789514,0.2548314916004878,0.32244625895684054,0.25449341776370604,3.3339053841220885,0.40150665514314277,3.348567377766983,0.883966514664568,-0.00214,0.00214,8.7e-4,0.0011807142857142858,1.3940826529077126,0,0,0,0,0.22293481475,0.9972677596,13.157775973899987,0,0,0,0,13.157775973899987,13.157775973899987,13.157775973899987
DEPRESSION_NDC_ave_claims_count,6004,2412402,0,0,1189447,6974,1182473,0.005863228878630154,0.08845484085985661,5028,1217927,0.4930550546716509,0.5810698216963839,0.49261498083652727,14.162242380988097,2.7497489821229624,14.219304847982432,0.8098686321917928,-0.02739,0.02739,0,0,1.4286199131333754,0,0,0,0.3571428571,3.27120254045,9.147926674809998,28.86494605550995,0,0,0,0,28.86494605550995,28.86494605550995,28.86494605550995
DIABETES_DX_ave_claims_count,2652,2412402,0,0,495322,2960,492362,0.00597591061975846,0.04150891518080321,9042,1908038,0.2053231592412873,0.24662556240626562,0.2051166472254624,4.275963005412947,0.6831140616084486,4.293927250131968,0.8444444406915087,-0.00149,0.00149,0.02051,0.025764628099173556,1.2686145875834776,0,0,0,0,0,1.9621899096099995,20.934074870149978,0,0,0,0,0,20.934074870149978,20.934074870149978
DIABETES_NDC_ave_claims_count,2206,2412402,0,0,462411,2303,460108,0.004980417853381516,2.0496583902682164e-4,9699,1940292,0.19168073977720132,0.19188468588568572,0.1916797200466589,6.087993972466738,1.3147615404779953,6.111860134626678,0.7879604703690254,-0.00647,0.00647,0,0,1.0013232197711721,0,0,0,0,0,4.179389313,31.88579435080001,0,0,0,0,0,31.88579435080001,31.88579435080001
DROWSINESS_DX_ave_claims_count,492,2412402,0,0,37174,550,36624,0.014795287028568355,0.03056823862689552,11452,2363776,0.015409537879673455,0.04582569571738044,0.015257457090484918,0.03710477122686699,0.018483007658408265,0.03719788004470921,0.5043791342055168,0.01707,0.01707,0,0,3.0997159187579837,0,0,0,0,0,0,2.4380130859359994,0,0,0,0,0,0,2.4380130859359994
DYSMENORRHEA_DX_ave_claims_count,162,2412402,0,0,39661,176,39485,0.004437608734020827,0.001785119146808867,11826,2360915,0.016440460586585486,0.014664222629561739,0.016449341776370606,0.027072758044488828,0.004798385537839527,0.027184129907022094,0.8268734324148258,-0.00112,0.00112,0.08203,0.097410625,0.8898626984611894,0,0,0,0,0,0,1.652596819775,0,0,0,0,0,0,1.652596819775
DYSMENORRHEA_NDC_ave_claims_count,4602,2412402,0,0,1087343,6974,1080369,0.006413799509446421,0.13099108481919675,5028,1320031,0.4507304338165861,0.5810698216963839,0.45007873687718714,3.68936933040642,0.6554445347584344,3.7045389543846614,0.826454102736941,-0.01807,0.01807,0,0,1.6947228705227002,0,0,0,0.191953734,0.6899810964,1.7986660392499993,8.230868625538996,0,0,0,0,8.230868625538996,8.230868625538996,8.230868625538996
DYSPNEA_DX_ave_claims_count,1283,2412402,0,0,303999,1713,302286,0.0056348869568649896,0.01679470088318613,10289,2098114,0.1260150671405512,0.14272621229795035,0.12593151141476422,0.4460290016524144,0.06539085642787068,0.4479321923785371,0.8576602295668136,-2.1e-4,2.1e-4,0.7444,0.7749917808219177,1.155567299502603,0,0,0,0,0,0.18149271943999998,3.5569508167279995,0,0,0,0,0,3.5569508167279995,3.5569508167279995
EDEMA_DX_ave_claims_count,1213,2412402,0,0,257095,1555,255540,0.006048347886967852,0.02310448258623564,10447,2144860,0.10657220479837108,0.12956173971004833,0.1064572571238127,0.4013663375664911,0.06452624957048092,0.4030505380064708,0.8434296968910835,0.00216,0.00216,8.1e-4,0.001109189189189189,1.2493348601087766,0,0,0,0,0,0.17331434,3.786031585782002,0,0,0,0,0,3.786031585782002,3.786031585782002
EXPOSURE_TO_HAZARDOUS_FLUIDS_DX_ave_claims_count,39,2412402,0,0,5797,38,5759,0.006555114714507504,7.669555074154306e-4,11964,2394641,0.002402999168463631,0.003166138976837194,0.0023991834694217632,0.0018084974079155068,7.883168283221963e-4,0.0018135983108134716,0.5669244965482287,0.00109,0.00109,0.09002,0.10607007751937986,1.3206889000624609,0,0,0,0,0,0,0.7559231438230001,0,0,0,0,0,0,0.7559231438230001
EXPOSURE_TO_HEPATITIS_DX_ave_claims_count,127,2412402,0,0,9990,130,9860,0.013013013013013013,0.006723879353441093,11872,2390540,0.004141100861299236,0.010831528078653558,0.004107648725212465,0.002735217828629671,0.002793521394621563,0.002734926310799711,0.0214224560868733,0.00732,0.00732,0,0,2.654841295659448,0,0,0,0,0,0,0.6658130949739989,0,0,0,0,0,0,0.6658130949739989
FEVER_DX_ave_claims_count,1119,2412402,0,0,221710,1440,220270,0.006494970907942808,0.02821613064489252,10562,2180130,0.09190425144731268,0.11998000333277788,0.09176387268788536,0.33534091122849846,0.057019816170546155,0.3367325167037879,0.834114452389759,0.00422,0.00422,0,0,1.3494082725606409,0,0,0,0,0,0.1663628077,3.6695543337529974,0,0,0,0,0,0,3.6695543337529974
FIBROMYALGIA_NDC_ave_claims_count,1605,2412402,0,0,321209,1778,319431,0.005535336805631224,0.015067905349108485,10224,2080969,0.13314903569139802,0.14814197633727713,0.13307407098816865,2.071800514889182,0.3432656915410815,2.080443189005921,0.838486854781846,-9.2e-4,9.2e-4,0.15267,0.1758018181818182,1.132920578300983,0,0,0,0,0,0.39075049523999983,15.63372318557,0,0,0,0,0,15.63372318557,15.63372318557
FIBROMYALGIA_SORE_MUSCLES_DX_ave_claims_count,1043,2412402,0,0,231379,1231,230148,0.005320275392321688,0.006687218796867192,10771,2170252,0.09591228990856417,0.1025662389601733,0.09587902016330611,0.5482019731051055,0.07610535740356525,0.5505624561836138,0.8654786411888413,-7.3e-4,7.3e-4,0.25881,0.28099371428571424,1.077717628941628,0,0,0,0,0,0.1533613445,5.742262021930005,0,0,0,0,0,0,5.742262021930005
FLU_DX_ave_claims_count,273,2412402,0,0,70860,302,70558,0.004261924922382162,0.004231794700883185,11700,2329842,0.02937321391708347,0.025162472921179804,0.02939426762206299,0.05997450377909522,0.007845670757979671,0.060235147944200804,0.8735291479724101,-0.00207,0.00207,0.00132,0.0017755752212389381,0.8523172716245083,0,0,0,0,0,0,2.0492141093180036,0,0,0,0,0,0,2.0492141093180036
FLU_VACCINE_PROC_ave_claims_count,1576,2412402,0,0,618576,2409,616167,0.0038944284938309923,0.05597692051324779,9593,1784233,0.25641497561351717,0.20071654724212631,0.2566934677553741,0.31385591356312703,0.0703760191132478,0.31507331303537645,0.7796485054053689,-0.01723,0.01723,0,0,0.7271692206178348,0,0,0,0,0,0.28261749198999964,1.2274301944280002,0,0,0,0,1.2274301944280002,1.2274301944280002,1.2274301944280002
GASTROENTEROLOGIST_CLAIM_COUNT,93,2412402,0,0,767865,3806,764059,0.004956600444088479,0.001191051491418127,8196,1636341,0.31829894022638017,0.3171138143642726,0.31830486585569073,2.265626541513394,2.629645059156807,2.263806448925178,0.16147348361626093,3.5e-4,3.5e-4,0.59007,0.6185561379310345,0.9945205252205684,0,0,0,0,1,6,92,0,0,0,0,1,5,92
GE_REFLUX_DX_ave_claims_count,1859,2412402,0,0,500361,2446,497915,0.004888470524281469,0.003630644892517909,9556,1902485,0.20741194875480953,0.20379936677220464,0.20743001166472255,0.7201329142153995,0.12153008713108233,0.7231259283508206,0.8353955628804857,-0.00789,0.00789,0,0,0.9780168631783908,0,0,0,0,0,0.3643625696699997,3.486120077550006,0,0,0,0,0,3.486120077550006,3.486120077550006
GLOMERULONEPHRITIS_DX_ave_claims_count,135,2412402,0,0,19404,138,19266,0.007111935683364255,0.0034719213464422596,11864,2381134,0.008043435546811849,0.011498083652724546,0.008026162306282286,0.0463570516235084,0.007824772903657056,0.04654971301710753,0.835362447723324,0.00266,0.00266,4e-5,5.62962962962963e-5,1.4376071654396037,0,0,0,0,0,0,5.79974728154599,0,0,0,0,0,0,5.79974728154599
GLOMERULONEPHRITIS_NDC_ave_claims_count,1240,2412402,0,0,218131,1785,216346,0.0081831559934168,0.05859606732211296,10217,2184054,0.09042066786547184,0.14872521246458922,0.09012914514247626,0.13943338454141882,0.05040955759311649,0.13987850367616045,0.6416608646293537,0.01112,0.01112,0,0,1.7637187383930033,0,0,0,0,0,0.17752055240999998,1.5519785908880022,0,0,0,0,0,0,1.5519785908880022
HCV_TESTING_PROC_ave_claims_count,1244,2412402,0,0,83518,2248,81270,0.02691635336095213,0.1534452591234794,9754,2319130,0.0346202664398388,0.18730211631394766,0.033856857190468256,0.027118388937261654,0.04697957117911507,0.027019083026052427,0.7360499253565983,0.05664,0.05664,0,0,6.57670542269824,0,0,0,0,0,0.1956055734,0.7980387214930014,0,0,0,0,0,0,0.7980387214930014
HEADACHE_DX_ave_claims_count,1768,2412402,0,0,392584,2544,390040,0.0064801418295192875,0.049475087485419095,9458,2010360,0.16273572978301296,0.21196467255457424,0.16248958506915515,0.49369640620812993,0.10010668661772955,0.4956643548060824,0.8012164221053611,0.00293,0.00293,1e-5,1.4205607476635515e-5,1.3863806367903144,0,0,0,0,0,0.32099201953999995,3.0504376917150022,0,0,0,0,0,3.0504376917150022,3.0504376917150022
HEARTBURN_DX_ave_claims_count,180,2412402,0,0,41525,192,41333,0.0046237206502107164,0.0012218796867188783,11810,2359067,0.017213134461006085,0.015997333777703716,0.017219213464422595,0.014469551186291523,0.0043461321320734875,0.014520168281562608,0.7031341897548293,-8.1e-4,8.1e-4,0.20924,0.2321494890510949,0.9278861205205289,0,0,0,0,0,0,0.8432538635730007,0,0,0,0,0,0,0.8432538635730007
HEMATOLOGIST_CLAIM_COUNT,157,2412402,0,0,211738,1238,210500,0.005846848463667362,0.015455757373771029,10764,2189900,0.08777061202900678,0.10314947508748541,0.08769371771371438,1.2437313018311222,1.2610556573904348,1.2436446800533258,0.013998986205038895,0.00365,0.00365,0,0,1.196517731754745,0,0,0,0,0,1,155.62999999999988,0,0,0,0,0,0,155.62999999999988
HEMOCHROMATOSIS_DX_ave_claims_count,27,2412402,0,0,4297,27,4270,0.006283453572259716,4.7075487418763535e-4,11975,2396130,0.0017812122523526343,0.002249625062489585,0.0017788701883019497,0.016201971946017343,0.0032872570111079813,0.01626654552069192,0.8010931356275073,7.8e-4,7.8e-4,0.22627,0.24922492753623188,1.2652336786728793,0,0,0,0,0,0,9.144312849617993,0,0,0,0,0,0,9.144312849617993
HEMODIALYSIS_DX_ave_claims_count,166,2412402,0,0,10677,169,10508,0.015828416221785147,0.009703382769538412,11833,2389892,0.004425879268878072,0.014080986502249626,0.0043776037327112145,0.04753454496559101,0.020172578148626892,0.04767135479967583,0.5785008917399876,0.01022,0.01022,0,0,3.248254520120143,0,0,0,0,0,0,10.889828707759984,0,0,0,0,0,0,10.889828707759984
HEMODIALYSIS_PROC_ave_claims_count,137,2412402,0,0,8928,139,8789,0.015568996415770609,0.007919930011664723,11863,2391611,0.0037008757246926507,0.01158140309948342,0.003661473087818697,0.036576991791828724,0.012954585582611903,0.03669510382287483,0.6490560616733535,0.00913,0.00913,0,0,3.1883893340003078,0,0,0,0,0,0,10.021950986054023,0,0,0,0,0,0,10.021950986054023
HEMOPHILIA_DX_ave_claims_count,33,2412402,0,0,3707,33,3674,0.008902077151335312,0.0012189635060823197,11969,2396726,0.0015366427320156425,0.0027495417430428264,0.0015305782369605067,0.010242242937569083,0.002996449785444759,0.010278471903329716,0.7109792417805398,0.00218,0.00218,7e-4,9.672727272727273e-4,1.7986029778524661,0,0,0,0,0,0,6.7154175168079995,0,0,0,0,0,0,6.7154175168079995
HEMOPHILIA_NDC_PROC_ave_claims_count,9,2412402,0,0,248,8,240,0.03225806451612903,5.6657223796034e-4,11994,2400160,1.0280210346368475e-4,6.665555740709882e-4,9.998333611064822e-5,0.0010636698697536633,0.0022845482299248456,0.0010575654779528055,1.1535371893689144,0.00393,0.00393,0,0,6.6704463342782505,0,0,0,0,0,0,10.577417388657999,0,0,0,0,0,0,10.577417388657999
HEMORRHOIDS_DX_ave_claims_count,690,2412402,0,0,192974,825,192149,0.004275187330935773,0.011310198300283292,11177,2208251,0.07999247223306895,0.06873854357607065,0.08004874187635394,0.1368204561945405,0.02380148071789635,0.1373855510719235,0.830168773831054,-0.00434,0.00434,0,0,0.8482795645804889,0,0,0,0,0,0,1.716273708387999,0,0,0,0,0,0,1.716273708387999
HEPATIC_ENCEPHALOPATHY_DX_ave_claims_count,222,2412402,0,0,3134,227,2907,0.07243139757498404,0.017702466255624064,11775,2397493,0.001299120130061242,0.01891351441426429,0.0012110481586402265,0.009462124487671933,0.023651846823073322,0.009391175875994928,1.5071320363263472,0.03453,0.03453,0,0,15.899272668578735,0,0,0,0,0,0,7.754584992342007,0,0,0,0,0,0,7.754584992342007
HEPATIC_ENCEPHALOPATHY_NDC_ave_claims_count,364,2412402,0,0,33296,389,32907,0.011683085055261893,0.01870229961673054,11613,2367493,0.013802011439221157,0.032411264789201796,0.013708965172471254,0.11477501463950311,0.029770712377014168,0.11520003615081605,0.7443198682407219,0.01101,0.01101,0,0,2.4099364349754357,0,0,0,0,0,0,8.403262733656007,0,0,0,0,0,0,8.403262733656007
HEPATITIS_B_NDC_ave_claims_count,144,2412402,0,0,3962,144,3818,0.03634528016153458,0.010407432094650892,11858,2396582,0.0016423465077545119,0.011998000333277787,0.0015905682386268955,0.023161189997040622,0.05488134932063489,0.023002589200422637,1.376386969939174,0.01805,0.01805,0,0,7.622675202927324,0,0,0,0,0,0,14.46186881002999,0,0,0,0,0,0,14.46186881002999
HEPATITIS_VACCINE_PROC_ave_claims_count,298,2412402,0,0,35812,324,35488,0.00904724673293868,0.012211298116980504,11678,2364912,0.01484495535984467,0.026995500749875022,0.014784202632894518,0.021680388115292548,0.009570317190890184,0.02174093846991461,0.5613654706872944,0.00688,0.00688,0,0,1.84888542898402,0,0,0,0,0,0,1.4705519810409988,0,0,0,0,0,0,1.4705519810409988
HEPATOCELLULAR_CA_DX_ave_claims_count,80,2412402,0,0,1173,79,1094,0.06734867860187553,0.006126478920179971,11923,2399306,4.862373683987992e-4,0.0065822362939510085,4.5575737377103815e-4,0.004593066099732073,0.010052870057799366,0.004565767079941735,1.1946492514396234,0.01954,0.01954,0,0,14.531480565192771,0,0,0,0,0,0,10.01797742110799,0,0,0,0,0,0,10.01797742110799
HEPATOLOGIST_CLAIM_COUNT,111,2412334,68,2.818767353036517e-5,6321,151,6170,0.023888625217528874,0.010012857724522227,11849,2394164,0.0026202100644917388,0.012583333333333334,0.002570475608811107,0.022680109802374,0.10158333333333333,0.02228564858057254,3.4963536527702543,0.01378,0.01378,0,0,4.94497363022791,0,0,0,0,0,0,80,0,0,0,0,0,0,119
HIGH_RISK_SEXUAL_BEHAVIOR_DX_ave_claims_count,130,2412402,0,0,13462,131,13331,0.009731094933887982,0.005361189801699716,11871,2387069,0.005580330309790823,0.01091484752541243,0.005553657723712715,0.008102725088784783,0.003132452034947507,0.008127576454053969,0.6164746260514697,0.00501,0.00501,0,0,1.9759967913515522,0,0,0,0,0,0,1.4634636951699909,0,0,0,0,0,0,1.4634636951699909
HIV_AIDS_DX_ave_claims_count,607,2412402,0,0,16582,632,15950,0.03811361717525027,0.0460131644725879,11370,2384450,0.0068736470953016954,0.05265789035160807,0.006644725879020164,0.13489247701513105,0.10365423296439574,0.1350486682353848,0.2327367394066573,0.03889,0.03889,0,0,8.309677063603003,0,0,0,0,0,0,20.324189544339664,0,0,0,0,0,0,20.324189544339664
HIV_AIDS_NDC_ave_claims_count,507,2412402,0,0,18729,514,18215,0.027444070692508944,0.035237877020496584,11488,2382185,0.007763631434561901,0.04282619563406099,0.007588318613564406,0.31660236274575626,0.4540503635760823,0.3159151227416047,0.436305148314403,0.02799,0.02799,0,0,5.851470261584586,0,0,0,0,0,0,41.63176835734,0,0,0,0,0,0,41.63176835734
HYPERLIPIDEMIA_DX_ave_claims_count,2924,2412402,0,0,1031478,3842,1027636,0.003724752248714951,0.10799700049991667,8160,1372764,0.4275730164375589,0.32011331444759206,0.42811031494750873,2.70079719269603,0.3247639826231431,2.7126773587463964,0.8841513100580332,-0.03463,0.03463,0,0,0.6289610815502765,0,0,0,0,0.2333759591,1.0119213418999997,6.336398035817005,0,0,0,0,6.336398035817005,6.336398035817005,6.336398035817005
HYPERLIPIDEMIA_NDC_ave_claims_count,3047,2412402,0,0,959042,3331,955711,0.0034732576884015506,0.12060948175304115,8671,1444689,0.39754651173394817,0.2775370771538077,0.39814655890684886,8.963857024987266,1.07124222047842,9.003320099009805,0.8848956265612294,-0.03305,0.03305,0,0,0.5807018743839001,0,0,0,0,0.250945430975,3.8071829979899974,22.613080278099922,0,0,0,0,22.613080278099922,22.613080278099922,22.613080278099922
HYPERTENSION_DX_ave_claims_count,4582,2412402,0,0,1109262,5799,1103463,0.0052278001049346325,0.023469838360273276,6203,1296937,0.45981639875941077,0.48316947175470754,0.45969963339443426,6.371129940913381,0.934408800826967,6.398313546613809,0.8576037212330854,-0.0277,0.0277,0,0,1.0987842671791292,0,0,0,0,1.022170528675,2.903782293889999,13.91846562801996,0,0,0,0,13.91846562801996,13.91846562801996,13.91846562801996
HYPERTENSION_NDC_ave_claims_count,6507,2412402,0,0,1355184,7311,1347873,0.0053948393723656715,0.04762831194800865,4691,1052527,0.5617571200819764,0.6091484752541243,0.5615201633061156,23.83446257516719,4.491395628279678,23.93117790990163,0.8156165560819484,-0.04118,0.04118,0,0,1.217014135548777,0,0,0,0.5586740511,6.0130510117,14.122605837499997,42.61855490459996,0,0,0,42.61855490459996,42.61855490459996,42.61855490459996,42.61855490459996
HYPOTHYROIDISM_DX_ave_claims_count,1139,2412402,0,0,329529,1304,328225,0.003957163102488704,0.028089068488585237,10698,2072175,0.13659788045276036,0.10864855857357107,0.1367376270621563,0.6243786525320811,0.09277033927741277,0.6270366940983539,0.8556768439380462,-0.00877,0.00877,0,0,0.7695374690605201,0,0,0,0,0,0.1659845384,4.585692377222,0,0,0,0,0,4.585692377222,4.585692377222
HYPOTHYROIDISM_NDC_ave_claims_count,1215,2412402,0,0,363272,1250,362022,0.003440947829725385,0.04666805532411265,10752,2038378,0.1505851843929826,0.1041493084485919,0.15081736377270455,2.9497864202793322,0.4976913260833686,2.9620468957503108,0.8354352548119665,-0.01224,0.01224,0,0,0.6545917347646724,0,0,0,0,0,0.17623485474999998,19.639959363129996,0,0,0,0,0,19.639959363129996,19.639959363129996
IBS_DX_ave_claims_count,224,2412402,0,0,76034,233,75801,0.0030644185495962333,0.012165055824029325,11769,2324599,0.03151796425305567,0.01941343109481753,0.031578486918846856,0.05438710422171508,0.007527744877165806,0.054621401018437814,0.8658974735865597,-0.00514,0.00514,0,0,0.6071408715834815,0,0,0,0,0,0,1.7297029195480014,0,0,0,0,0,0,1.7297029195480014
IBS_NDC_ave_claims_count,1941,2412402,0,0,363316,2599,360717,0.007153552279558291,0.0662735377437094,9403,2039683,0.15060342347585517,0.2165472421263123,0.1502737043826029,1.5128955225832605,0.1954742287671938,1.5194826290523402,0.8751486011568133,0.0067,0.0067,0,0,1.5629169790109656,0,0,0,0,0,0.3758238664799997,10.11143390186,0,0,0,0,0,10.11143390186,10.11143390186
INFECTIOUS_DISEASE_SPECIALIST_CLAIM_COUNT,366,2412402,0,0,140390,1502,138888,0.010698767718498469,0.06728545242459591,10500,2261512,0.05819511010188186,0.12514580903182804,0.05786035660723213,0.7532567126042845,2.750878186968839,0.7432686052324617,2.665239550000603,0.02045,0.02045,0,0,2.3292430378982996,0,0,0,0,0,1,365.94000000000005,0,0,0,0,0,0,365.94000000000005
INSOMNIA_DX_ave_claims_count,1061,2412402,0,0,247496,1322,246174,0.005341500468694443,0.007592901183136144,10680,2154226,0.10259318305987145,0.1101483086152308,0.10255540743209465,0.34857706807943123,0.05446088960365206,0.35004764897181007,0.847981082050991,-8.3e-4,8.3e-4,0.19682,0.21997529411764705,1.0832015760966125,0,0,0,0,0,0.16029160177999996,3.413253944737999,0,0,0,0,0,3.413253944737999,3.413253944737999
INSOMNIA_NDC_ave_claims_count,2294,2412402,0,0,432026,2604,429422,0.0060274150166888104,0.03806782202966172,9398,1970978,0.17908540947984622,0.21696383936010666,0.17889601733044494,2.508089747412626,0.5679777209581269,2.5177903075449044,0.777409416309056,-6e-5,6e-5,0.92197,0.92197,1.271753746296106,0,0,0,0,0,1.2559726466099999,14.074043375119992,0,0,0,0,0,14.074043375119992,14.074043375119992
IPF_DX_ave_claims_count,2,2410746,1656,6.8645275538654e-4,0,0,0,NaN,0,11996,2398750,0,0,0,0,0,0,NaN,NA,NA,NA,NA,NaN,0,0,0,0,0,0,0,0,0,0,0,0,0,0
IPF_NDC_ave_claims_count,2,2412155,247,1.0238757885294407e-4,0,0,0,NaN,0,12002,2400153,0,0,0,0,0,0,NaN,NA,NA,NA,NA,NaN,0,0,0,0,0,0,0,0,0,0,0,0,0,0
ITCHING_DX_ave_claims_count,274,2412402,0,0,48335,291,48044,0.006020482052343023,0.004230961506415599,11711,2352356,0.020036047060150008,0.024245959006832195,0.020014997500416597,0.030575572459727265,0.007552515388216131,0.030690687745084853,0.7567535288945204,0.00188,0.00188,0.00344,0.004586666666666666,1.2166422588988017,0,0,0,0,0,0,1.5333845404900037,0,0,0,0,0,0,1.5333845404900037
IV_DRUG_USE_DX_ave_claims_count,2659,2412402,0,0,69807,3069,66738,0.04396407237096566,0.2279045159140143,8933,2333662,0.028936719501973553,0.2557073821029828,0.027802866188968507,1.174049924594996,0.7604532851784437,1.1761179077920787,0.35404339620142133,0.0927,0.0927,0,0,12.013355288929617,0,0,0,0,0.1586266841,1.3706264966799995,42.30203820708002,0,0,0,0,0,0,42.30203820708002
JAUNDICE_DX_ave_claims_count,177,2412402,0,0,7902,181,7721,0.02290559352062769,0.011864272621229795,11821,2392679,0.0032755734740727294,0.015080819863356108,0.003216547242126312,0.011809432378658316,0.008931368110491583,0.011823822699999162,0.24492748650093835,0.01455,0.01455,0,0,4.744989360735974,0,0,0,0,0,0,3.6759362788599894,0,0,0,0,0,0,3.6759362788599894
JOINT_PAIN_DX_ave_claims_count,3447,2412402,0,0,924526,5143,919383,0.005562850585056559,0.04549950008331943,6859,1481017,0.3832387802696234,0.4285119146808865,0.3830124145975671,2.899577214381182,0.38680330074438524,2.9121410839493667,0.8709331038607745,-0.01692,0.01692,0,0,1.2078675003145556,0,0,0,0,0.35657591045,1.0537966424599996,7.603255072055996,0,0,0,0,7.603255072055996,7.603255072055996,7.603255072055996
LEG_SWELLING_DX_ave_claims_count,1106,2412402,0,0,204332,1533,202799,0.007502495937983282,0.04324320946508914,10469,2197601,0.08470064276186141,0.1277287118813531,0.08448550241626396,0.15134223180435552,0.042574333807856024,0.15188607129433784,0.7222817860106111,0.00823,0.00823,0,0,1.5867919549108243,0,0,0,0,0,0.16858344046999998,1.7977767421680024,0,0,0,0,0,0,1.7977767421680024
LICHEN_PLANUS_DX_ave_claims_count,20,2412402,0,0,4449,19,4430,0.004270622611822881,2.6245625729045164e-4,11983,2395970,0.0018442199931852153,0.001583069488418597,0.0018455257457090485,0.001501868380785609,6.103140749175137e-4,0.0015063261523149526,0.5965982697689833,-4.3e-4,4.3e-4,0.49933,0.5307563636363636,0.8575623216411361,0,0,0,0,0,0,0.81620435576000006,0,0,0,0,0,0,0.81620435576000006
LICHEN_PLANUS_NDC_ave_claims_count,16,2412402,0,0,2899,15,2884,0.005174197999310107,4.832527912014659e-5,11987,2397516,0.0012017068465371857,0.0012497917013831027,0.0012014664222629561,0.0010497382143326822,3.5961413328895183e-4,0.0010531888347378997,0.6607120632355495,1e-4,1e-4,0.88233,0.8940944000000001,1.0402722459270775,0,0,0,0,0,0,0.8765861577339997,0,0,0,0,0,0,0.8765861577339997
LIVER_BIOPSY_PROC_ave_claims_count,129,2412402,0,0,6464,137,6327,0.02119430693069307,0.008778953507748708,11865,2394073,0.002679487083827654,0.011414764205965672,0.002635810698216964,0.0013108018257757187,0.0025949481615687386,0.0013043810940967548,0.9845630682641442,0.01191,0.01191,0,0,4.369103963235309,0,0,0,0,0,0,0.49486903402399995,0,0,0,0,0,0,0.49486903402399995
LOSS_OF_APPETITE_DX_ave_claims_count,122,2412402,0,0,13805,128,13677,0.009272002897500905,0.004967088818530246,11874,2386723,0.005722512251274871,0.010664889185135812,0.005697800366605566,0.012437044774824409,0.0038835091854965845,0.01247981245277105,0.691185359778994,0.00458,0.00458,0,0,1.8811528999709104,0,0,0,0,0,0,2.1902860138650033,0,0,0,0,0,0,2.1902860138650033
LUPUS_DX_ave_claims_count,99,2412402,0,0,16272,99,16173,0.006084070796460177,0.0015109981669721717,11903,2384227,0.006745144465972089,0.008248625229128479,0.006737627062156307,0.0710121017915797,0.012374637060601566,0.07130528911523479,0.8298677347643435,0.00125,0.00125,0.05191,0.0636316129032258,1.2261279043254998,0,0,0,0,0,0,10.583145736239992,0,0,0,0,0,0,10.583145736239992
LUPUS_NDC_PROC_ave_claims_count,3,2412402,0,0,755,2,753,0.0026490066225165563,1.4705882352941178e-4,12e3,2399647,3.129660811092015e-4,1.6663889351774705e-4,3.1369771704715883e-4,4.2031685526678383e-4,2.138179636508082e-4,4.213493497248639e-4,0.4937498543624457,-5.9e-4,5.9e-4,0.3635,0.3890985915492957,0.531130367419212,0,0,0,0,0,0,1.3431699589369999,0,0,0,0,0,0,1.3431699589369999
MALAISE_FATIGUE_DX_ave_claims_count,1858,2412402,0,0,565313,2822,562491,0.004991924827484951,7.952841193134275e-4,9180,1837909,0.23433615127163715,0.23512747875354106,0.23433219463422764,0.6857997811640668,0.10436873547612581,0.6887069363925067,0.8520536415519607,-0.00892,0.00892,0,0,1.0044371211997005,0,0,0,0,0,0.3367158672,2.9390197000779983,0,0,0,0,0,2.9390197000779983,2.9390197000779983
MILK_ALLERGY_DX_ave_claims_count,2,2412116,286,1.1855403867182998e-4,0,0,0,NaN,0,11998,2400118,0,0,0,0,0,0,NaN,NA,NA,NA,NA,NaN,0,0,0,0,0,0,0,0,0,0,0,0,0,0
NAUSEA_NDC_PROC_ave_claims_count,3158,2412402,0,0,769518,4504,765014,0.005853014484391528,0.05656807198800201,7498,1635386,0.3189841494079345,0.37527078820196635,0.31870271621396434,3.138286927801616,0.39576891328726965,3.151999517874188,0.8782595944844566,-0.00933,0.00933,0,0,1.284114761392627,0,0,0,0,0.296025953,0.9322323100799997,9.890093047585001,0,0,0,0,9.890093047585001,9.890093047585001,9.890093047585001
NAUSEA_VOMITING_DX_ave_claims_count,1774,2412402,0,0,314695,2440,312255,0.007753539141073102,0.07321488085319114,9562,2088145,0.13044882237703334,0.2032994500916514,0.13008456923846026,0.5568084252877464,0.11183168158949759,0.5590333090062383,0.8031516893546226,0.00983,0.00983,0,0,1.7064451694738587,0,0,0,0,0,0.3319389115999999,4.2974605849020024,0,0,0,0,0,4.2974605849020024,4.2974605849020024
NHL_DX_ave_claims_count,83,2412402,0,0,13426,83,13343,0.006182034857738716,0.0013568571904682553,11919,2387057,0.005565407423804159,0.0069155140809865024,0.005558656890518247,0.0975633151126398,0.019928505928828527,0.09795148915855884,0.7997164009817667,0.00125,0.00125,0.0527,0.06408319999999999,1.2457978474038236,0,0,0,0,0,0,17.621431055699986,0,0,0,0,0,0,17.621431055699986
NON_ALCOHOLIC_STEATOHEPATITIS_DX_ave_claims_count,424,2412402,0,0,71777,474,71303,0.006603786728339162,0.009788785202466253,11528,2329097,0.02975333298513266,0.039493417763706046,0.029704632561239792,0.07300630797961849,0.014412202003269032,0.07329927850950023,0.8066025818299287,0.00357,0.00357,0,0,1.343087005039523,0,0,0,0,0,0,2.467604282206983,0,0,0,0,0,0,2.467604282206983
NONINFECTIOUS_HEPATITIS_DX_ave_claims_count,276,2412402,0,0,4794,287,4507,0.059866499791405924,0.022035077487085483,11715,2395893,0.0019872309838907445,0.0239126812197967,0.0018776037327112149,0.0071154596225155055,0.011619221307696383,0.007092940814089604,0.6361192015318636,0.03474,0.03474,0,0,13.0232526043568,0,0,0,0,0,0,3.7776558975239976,0,0,0,0,0,0,3.7776558975239976
OBESITY_DX_ave_claims_count,1448,2412402,0,0,427722,1767,425955,0.0041311880146450266,0.03022621229795036,10235,1974445,0.1773012955552184,0.1472254624229295,0.17745167472087986,1.0533785741506918,0.10968466410182437,1.058097043700936,0.9003528293365838,-0.01033,0.01033,0,0,0.8002579966621972,0,0,0,0,0,0.2565728823499996,5.962733489922,0,0,0,0,0,5.962733489922,5.962733489922
OBESITY_NDC_ave_claims_count,364,2412402,0,0,122686,382,122304,0.0031136396980910616,0.01912347942009665,11620,2278096,0.05085636639332914,0.03182802866188968,0.050951508081986334,0.4752819046760812,0.03927756613146009,0.4774619263688042,0.921946230071561,-0.00664,0.00664,0,0,0.6123343114552852,0,0,0,0,0,0,9.370908621596,0,0,0,0,0,0,9.370908621596
ORGAN_TRANSPLANT_DX_ave_claims_count,130,2412402,0,0,8574,130,8444,0.015162118031257289,0.007313781036493917,11872,2391956,0.0035541340124904557,0.010831528078653558,0.0035177470421596403,0.06035349994857255,0.028359974308401925,0.06051346757677353,0.5327527532913539,0.0086,0.0086,0,0,3.101875955238955,0,0,0,0,0,0,17.20233628271994,0,0,0,0,0,0,17.20233628271994
ORGAN_TRANSPLANT_NDC_PROC_ave_claims_count,197,2412402,0,0,24203,197,24006,0.008139486840474322,0.006413097817030495,11805,2376394,0.010032739153756298,0.016413931011498083,0.010000833194467589,0.2478494233886731,0.10909226556162972,0.24854320917780837,0.5626438089286742,0.00441,0.00441,0,0,1.6519575386401881,0,0,0,0,0,0,24.85225024203999,0,0,0,0,0,0,24.85225024203999
OSTEOARTHRITIS_DX_ave_claims_count,2790,2412402,0,0,670493,3693,666800,0.0055078874798096325,0.029911681386435574,8309,1733600,0.2779358498293402,0.3076987168805199,0.27778703549408434,2.5987915554324386,0.34538662343476784,2.6100585800924283,0.8714327056833996,-0.00859,0.00859,0,0,1.155536999472172,0,0,0,0,0.1868919611,0.92578893226,9.395897743931997,0,0,0,0,9.395897743931997,9.395897743931997,9.395897743931997
OSTEOARTHRITIS_NDC_PROC_ave_claims_count,5630,2412402,0,0,1421699,8015,1413684,0.005637620902877473,0.07886852191301452,3987,986716,0.5893292245653917,0.6678053657723713,0.5889368438593567,7.440745061425215,1.1409873445268237,7.472243850009711,0.8508901263538501,-0.0443,0.0443,0,0,1.4031274430159042,0,0,0,0.3477846594,1.2013918357,3.22746601902,12.687682776039978,0,0,0,12.687682776039978,12.687682776039978,12.687682776039978,12.687682776039978
OTHER_CHRONIC_LIVER_DIS_DX_ave_claims_count,988,2412402,0,0,20718,1100,19618,0.05309392798532677,0.08347858690218297,10902,2380782,0.008588120885325082,0.09165139143476088,0.008172804532577904,0.06403279992460985,0.08553317949153158,0.06392529802677527,0.3374502050542337,0.06309,0.06309,0,0,12.24479187034831,0,0,0,0,0,0,7.821708909342,0,0,0,0,0,0,7.821708909342
OVERALL_CLAIM_COUNT_OF_PREDICTORS,1011,2412402,0,0,2407719,12002,2395717,0.004984800967222504,0.0019509248458590145,0,4683,0.9980587812479015,1,0.998049075154141,180.97416355151404,179.07726795534077,180.9836480294954,0.01053399024890087,-0.00183,0.00183,0.0045,0.005947826086956521,Inf,1,19,45,113,240,429.89999999999964,1009.9699999999993,0,20,50,115,238,426,1009.9699999999993
OVERALL_COUNT_OF_PREDICTORS,72,2412402,0,0,2407719,12002,2395717,0.004984800967222504,0.0019509248458590145,0,4683,0.9980587812479015,1,0.998049075154141,14.295448685583924,16.74787535410765,14.283186552241276,0.17241073407873228,0.02097,0.02097,0,0,Inf,1,7,11,16,21,28,64,0,6,9,13,19,24,83
PAIN_NDC_PROC_ave_claims_count,8158,2412402,0,0,1709011,9984,1699027,0.005841975271077834,0.12405140809865023,2018,701373,0.7084271195265134,0.8318613564405932,0.707809948341943,22.81667867113115,4.40550032296104,22.908734562871995,0.8109521331569705,-0.07069,0.07069,0,0,2.0423594220597696,0,0,0.3101104503,1.34240547765,6.111955924825,13.361298421199997,32.3656577822,0,0,0,32.3656577822,32.3656577822,32.3656577822,32.3656577822
PATIENT_AGE,58,2412402,0,0,2412402,12002,2400400,0.004975124378109453,0,0,0,1,1,1,54.269873346150426,50.964672554574236,54.28639935010832,0.06120756491077579,-0.01499,0.01499,0,0,NaN,20,29,40,54,61,67,77,25,34,43,55,66,73,77
PEPTIC_ULCER_DISEASE_DX_ave_claims_count,308,2412402,0,0,39947,321,39626,0.008035647232583173,0.01023746042326279,11681,2360774,0.016559014625257315,0.0267455424095984,0.01650808198633561,0.054905632772283434,0.014050149747903683,0.05510991018740551,0.7478241915505061,0.0054,0.0054,0,0,1.6371903900217137,0,0,0,0,0,0,3.3383593704600005,0,0,0,0,0,0,3.3383593704600005
PEPTIC_ULCER_DISEASE_GE_REFLUX_NDC_ave_claims_count,4393,2412402,0,0,973928,5407,968521,0.005551745098200278,0.047025079153474425,6595,1431879,0.4037171250894337,0.45050824862522915,0.4034831694717547,5.6415008276944185,1.1867780290441758,5.6637744416876625,0.7935825145439456,-0.01904,0.01904,0,0,1.2121011064697578,0,0,0,0,0.90508967295,4.21833562023,14.037201227259992,0,0,0,0,14.037201227259992,14.037201227259992,14.037201227259992
PORPHYRIA_CUTANEA_TARDA_DX_ave_claims_count,2,2411942,460,1.9068132094070557e-4,0,0,0,NaN,0,11991,2399951,0,0,0,0,0,0,NaN,NA,NA,NA,NA,NaN,0,0,0,0,0,0,0,0,0,0,0,0,0,0
PROSTATE_CANCER_DX_ave_claims_count,135,2412402,0,0,30847,137,30710,0.0044412746782507215,0.0013789368438593564,11865,2369690,0.012786840667517271,0.011414764205965672,0.012793701049825029,0.1997852464615426,0.031777368111389766,0.2006252858532936,0.8451470803396185,-9.5e-4,9.5e-4,0.13856,0.16077190839694655,0.8909730012406203,0,0,0,0,0,0,15.681567442599993,0,0,0,0,0,0,15.681567442599993
PSORIASIS_DX_ave_claims_count,187,2412402,0,0,40760,192,40568,0.004710500490677135,9.031828028661891e-4,11810,2359832,0.016896023133789476,0.015997333777703716,0.016900516580569905,0.13229924659492506,0.01374606926574271,0.13289201248157068,0.9005791512980419,-6.4e-4,6.4e-4,0.32087,0.3459024113475177,0.9456900497274017,0,0,0,0,0,0,7.863192337822,0,0,0,0,0,0,7.863192337822
PSORIASIS_NDC_PROC_ave_claims_count,1389,2412402,0,0,433926,1640,432286,0.0037794462650313646,0.043445259123479435,10362,1968114,0.17987300624025349,0.13664389268455257,0.180089151808032,1.7871701007770577,0.1327444682795027,1.7954422289395449,0.9303522702943076,-0.01242,0.01242,0,0,0.7205752482792621,0,0,0,0,0,0.1995626025,9.96974115827596,0,0,0,0,0,9.96974115827596,9.96974115827596
RA_DX_ave_claims_count,491,2412402,0,0,68697,526,68171,0.007656811796730571,0.01542617897017164,11476,2332229,0.028476597184051416,0.04382602899516747,0.028399850024995833,0.24522461666817358,0.03723715051653058,0.2462645539989314,0.8523916004943618,0.006,0.006,0,0,1.568074639912112,0,0,0,0,0,0,8.6713329043,0,0,0,0,0,0,8.6713329043
RASH_DX_ave_claims_count,649,2412402,0,0,141082,796,140286,0.005642108844501779,0.007879520079986664,11206,2260114,0.0584819611325144,0.06632227962006332,0.058442759540076654,0.0799244124308793,0.01986277888896184,0.0802247205985889,0.755237853788786,0.00121,0.00121,0.05976,0.07152377952755906,1.1444016170845848,0,0,0,0,0,0,1.372705895989999,0,0,0,0,0,0,1.372705895989999
RASH_ITCHING_NDC_ave_claims_count,2031,2412402,0,0,631776,2756,629020,0.004362305627310946,0.032419596733877676,9246,1771380,0.26188670047529394,0.22962839526745543,0.2620479920013331,1.4173801910868307,0.15947902414453421,1.4236696969215419,0.8919206580752627,-0.01472,0.01472,0,0,0.8394070390513629,0,0,0,0,0,0.4138321995,5.432858638024982,0,0,0,0,5.432858638024982,5.432858638024982,5.432858638024982
REACTIVE_ARTHRITIS_DX_ave_claims_count,2,2412226,176,7.295633149035692e-5,0,0,0,NaN,0,11999,2400227,0,0,0,0,0,0,NaN,NA,NA,NA,NA,NaN,0,0,0,0,0,0,0,0,0,0,0,0,0,0
RENAL_CANCER_DX_ave_claims_count,44,2412402,0,0,8418,43,8375,0.005108101686861487,9.37343776037324e-5,11959,2392025,0.003489468173214912,0.0035827362106315612,0.003489001833027829,0.03133664924432276,0.004690428221026162,0.031469880349439226,0.8545729289568087,1e-4,1e-4,0.87991,0.8940944000000001,1.0269622703440735,0,0,0,0,0,0,9.019737407855997,0,0,0,0,0,0,9.019737407855997
RHEUMATOID_ARTHRITIS_NDC_PROC_ave_claims_count,5481,2412402,0,0,1375587,7902,1367685,0.005744456730108673,0.0886164805865689,4100,1032715,0.5702146657149182,0.6583902682886186,0.5697737877020497,6.59374644302631,1.0156018644979503,6.6216371659189495,0.8502048645425339,-0.0401,0.0401,0,0,1.4552833812021861,0,0,0,0.33524686035,1.07893162945,2.8345500086799995,11.621519467619992,0,0,0,11.621519467619992,11.621519467619992,11.621519467619992,11.621519467619992
SJOGRENS_DISEASE_DX_ave_claims_count,41,2412402,0,0,9854,40,9814,0.004059265272985589,7.557073821029829e-4,11962,2390586,0.004084725514238506,0.0033327778703549408,0.004088485252457924,0.02813115536041338,0.0023364829502250453,0.02826012872246429,0.9215279443772657,-8.5e-4,8.5e-4,0.18765,0.21128000000000002,0.8145439295626968,0,0,0,0,0,0,6.912126858100995,0,0,0,0,0,0,6.912126858100995
SLURRED_SPEECH_DX_ave_claims_count,134,2412402,0,0,15389,140,15249,0.009097407238936903,0.005312031328111982,11862,2385151,0.006379119234688082,0.011664722546242293,0.006352691218130311,0.010592508954283701,0.003639987065581068,0.010627271563727204,0.6596439548271913,0.00463,0.00463,0,0,1.8460549759619496,0,0,0,0,0,0,1.6728770845019874,0,0,0,0,0,0,1.6728770845019874
SPIDER_ANGIOMAS_DX_ave_claims_count,43,2412402,0,0,19981,43,19938,0.002152044442220109,0.00472337943676054,11959,2380462,0.008282616247209213,0.0035827362106315612,0.008306115647392101,0.005786037590586618,8.144604002391268e-4,0.0058108954765383495,0.8635331171072912,-0.00369,0.00369,0,0,0.4292924505468584,0,0,0,0,0,0,0.6995924115699996,0,0,0,0,0,0,0.6995924115699996
STDs_DX_ave_claims_count,517,2412402,0,0,57029,597,56432,0.010468358203720914,0.026232294617563743,11405,2343968,0.023639924025929345,0.049741709715047495,0.023509415097483752,0.04949584206672123,0.017755156762889503,0.04965454549324039,0.6444862315373879,0.01161,0.01161,0,0,2.1742289673188124,0,0,0,0,0,0,2.1121131804999687,0,0,0,0,0,0,2.1121131804999687
STDs_NDC_PROC_ave_claims_count,4947,2412402,0,0,1688343,8229,1680114,0.004874009605868002,0.014295117480419894,3773,720286,0.6998597248717253,0.6856357273787702,0.6999308448591901,4.621468138755373,0.6249076766229472,4.641450941066034,0.8691054755437086,-0.07483,0.07483,0,0,0.9350320125706286,0,0,0,0.3336380256,0.8082373782,1.5262691544299998,6.6312993278640064,0,0,0,6.6312993278640064,6.6312993278640064,6.6312993278640064,6.6312993278640064
STEROIDS_SYSTEMIC_NDC_PROC_ave_claims_count,3885,2412402,0,0,1348587,6120,1342467,0.004538083193742784,0.049353024495917386,5882,1057933,0.5590225012249203,0.509915014164306,0.5592680386602233,4.52997456274204,0.4727395365870544,4.550260737872817,0.9001201099057822,-0.04692,0.04692,0,0,0.81993787375947,0,0,0,0.1562165704,0.482325752575,1.2030818856299998,8.136100086773016,0,0,0,8.136100086773016,8.136100086773016,8.136100086773016,8.136100086773016
THROMBOCYTOPENIA_DX_ave_claims_count,549,2412402,0,0,41739,595,41144,0.014255252880998586,0.03243459423429429,11407,2359256,0.017301842727704585,0.049575070821529746,0.01714047658723546,0.16757652042592458,0.04270474683620823,0.16820087929387326,0.7488885205319635,0.01705,0.01705,0,0,2.9909839397986584,0,0,0,0,0,0,9.813080659561868,0,0,0,0,0,0,9.813080659561868
THROMBOCYTOPENIA_NDC_PROC_ave_claims_count,4,2412402,0,0,653,3,650,0.004594180704441042,2.0829861689718372e-005,11999,2399750,2.7068457081365376e-4,2.4995834027662057e-4,2.7078820196633894e-4,0.006343936922050987,0.0025740271465360775,0.006362786470928555,0.5972252515978006,-9e-5,9e-5,0.88971,0.8956021192052981,0.9230576907049948,0,0,0,0,0,0,23.497280992026,0,0,0,0,0,0,23.497280992026
THROMBOSIS_DX_ave_claims_count,752,2412402,0,0,124957,825,124132,0.0066022711812863625,0.017025495750708212,11177,2276268,0.05179775178432119,0.06873854357607065,0.051713047825362436,0.4828771887697936,0.06898943016561172,0.48494662756281537,0.8614140553148115,0.00429,0.00429,0,0,1.3535314084562295,0,0,0,0,0,0,9.377645448407991,0,0,0,0,0,0,9.377645448407991
THROMBOSIS_NDC_PROC_ave_claims_count,875,2412402,0,0,205408,922,204486,0.004488627512073531,0.008367772037993673,11080,2195914,0.08514667124301836,0.07682052991168138,0.08518830194967505,1.1071973011297869,0.16328787091097316,1.1119168482808794,0.8567840405697548,-0.00374,0.00374,0,0,0.8935994823827188,0,0,0,0,0,0,13.052459349849993,0,0,0,0,0,0,13.052459349849993
URINARY_RETENTION_DX_ave_claims_count,318,2412402,0,0,56851,335,56516,0.005892596436298394,0.004367605399100152,11667,2343884,0.023566138645217505,0.02791201466422263,0.02354440926512248,0.06960618023326337,0.016172380353425095,0.06987334923266239,0.7714971386057283,0.00172,0.00172,0.00739,0.009600683760683761,1.1908314808287055,0,0,0,0,0,0,2.967725732502,0,0,0,0,0,0,2.967725732502
VASCULITIS_DX_ave_claims_count,28,2412402,0,0,4134,27,4107,0.006531204644412192,5.386602232961173e-4,11975,2396293,0.0017136447408019062,0.002249625062489585,0.0017109648391934677,0.0022367284425682653,8.102529417813698e-4,0.0022438608200722123,0.640939620119794,9.1e-4,9.1e-4,0.15753,0.1800342857142857,1.31553818446331,0,0,0,0,0,0,1.31145934076,0,0,0,0,0,0,1.31145934076
VIRAL_HEPATITIS__NON_C__DX_ave_claims_count,779,2412402,0,0,11784,865,10919,0.07340461642905635,0.0675224962506249,11137,2389481,0.004884758012967988,0.0720713214464256,0.0045488251958007,0.024027215430012565,0.05164066147399401,0.023889148199792657,1.1550033067725667,0.06781,0.06781,0,0,16.99685632741305,0,0,0,0,0,0,5.251718228664007,0,0,0,0,0,0,5.251718228664007
VITILIGO_DX_ave_claims_count,13,2412402,0,0,3590,12,3578,0.003342618384401114,4.907515414097651e-4,11990,2396822,0.0014881433525589848,9.998333611064823e-4,0.0014905849025162474,0.0034465819174649037,5.591468343786037e-4,0.0034610190928803324,0.8419565610197854,-9e-4,9e-4,0.16298,0.18487283582089553,0.67043628214494,0,0,0,0,0,0,2.3219201315120013,0,0,0,0,0,0,2.3219201315120013
WEIGHT_LOSS_DX_ave_claims_count,518,2412402,0,0,73926,581,73345,0.007859210561913264,0.01785327445425762,11421,2327055,0.03064414637361435,0.04840859856690551,0.030555324112647893,0.08668073653496366,0.019513896656019,0.08701657073435809,0.7787505826177552,0.00669,0.00669,0,0,1.6140171159459678,0,0,0,0,0,0,2.8478366131400032,0,0,0,0,0,0,2.8478366131400032
